x-axis,1
second,Volt
-357.0000E-09,
-356.5000E-09,
-356.0000E-09,-26.6005024314E-03
-355.5000E-09,-26.6005024314E-03
-355.0000E-09,-26.6005024314E-03
-354.5000E-09,-26.6005024314E-03
-354.0000E-09,-26.6005024314E-03
-353.5000E-09,-35.3944721865E-03
-353.0000E-09,-46.7010047287E-03
-352.5000E-09,-46.7010047287E-03
-352.0000E-09,-46.7010047287E-03
-351.5000E-09,-46.7010047287E-03
-351.0000E-09,-55.4949744837E-03
-350.5000E-09,-66.8015070260E-03
-350.0000E-09,-66.8015070260E-03
-349.5000E-09,-66.8015070260E-03
-349.0000E-09,-56.7512558773E-03
-348.5000E-09,-46.7010047287E-03
-348.0000E-09,-46.7010047287E-03
-347.5000E-09,-46.7010047287E-03
-347.0000E-09,-46.7010047287E-03
-346.5000E-09,-46.7010047287E-03
-346.0000E-09,-46.7010047287E-03
-345.5000E-09,-46.7010047287E-03
-345.0000E-09,-46.7010047287E-03
-344.5000E-09,-46.7010047287E-03
-344.0000E-09,-46.7010047287E-03
-343.5000E-09,-46.7010047287E-03
-343.0000E-09,-46.7010047287E-03
-342.5000E-09,-46.7010047287E-03
-342.0000E-09,-46.7010047287E-03
-341.5000E-09,-46.7010047287E-03
-341.0000E-09,-46.7010047287E-03
-340.5000E-09,-46.7010047287E-03
-340.0000E-09,-46.7010047287E-03
-339.5000E-09,-46.7010047287E-03
-339.0000E-09,-46.7010047287E-03
-338.5000E-09,-46.7010047287E-03
-338.0000E-09,-46.7010047287E-03
-337.5000E-09,-46.7010047287E-03
-337.0000E-09,-46.7010047287E-03
-336.5000E-09,-46.7010047287E-03
-336.0000E-09,-36.6507535800E-03
-335.5000E-09,-26.6005024314E-03
-335.0000E-09,-26.6005024314E-03
-334.5000E-09,-26.6005024314E-03
-334.0000E-09,-26.6005024314E-03
-333.5000E-09,-26.6005024314E-03
-333.0000E-09,-26.6005024314E-03
-332.5000E-09,-26.6005024314E-03
-332.0000E-09,-26.6005024314E-03
-331.5000E-09,-35.3944721865E-03
-331.0000E-09,-46.7010047287E-03
-330.5000E-09,-46.7010047287E-03
-330.0000E-09,-46.7010047287E-03
-329.5000E-09,-46.7010047287E-03
-329.0000E-09,-46.7010047287E-03
-328.5000E-09,-46.7010047287E-03
-328.0000E-09,-46.7010047287E-03
-327.5000E-09,-46.7010047287E-03
-327.0000E-09,-46.7010047287E-03
-326.5000E-09,-46.7010047287E-03
-326.0000E-09,-46.7010047287E-03
-325.5000E-09,-36.6507535800E-03
-325.0000E-09,-26.6005024314E-03
-324.5000E-09,-26.6005024314E-03
-324.0000E-09,-26.6005024314E-03
-323.5000E-09,-26.6005024314E-03
-323.0000E-09,-26.6005024314E-03
-322.5000E-09,-26.6005024314E-03
-322.0000E-09,-35.3944721865E-03
-321.5000E-09,-46.7010047287E-03
-321.0000E-09,-46.7010047287E-03
-320.5000E-09,-46.7010047287E-03
-320.0000E-09,-46.7010047287E-03
-319.5000E-09,-46.7010047287E-03
-319.0000E-09,-46.7010047287E-03
-318.5000E-09,-46.7010047287E-03
-318.0000E-09,-46.7010047287E-03
-317.5000E-09,-46.7010047287E-03
-317.0000E-09,-46.7010047287E-03
-316.5000E-09,-46.7010047287E-03
-316.0000E-09,-46.7010047287E-03
-315.5000E-09,-46.7010047287E-03
-315.0000E-09,-46.7010047287E-03
-314.5000E-09,-46.7010047287E-03
-314.0000E-09,-36.6507535800E-03
-313.5000E-09,-26.6005024314E-03
-313.0000E-09,-26.6005024314E-03
-312.5000E-09,-35.3944721865E-03
-312.0000E-09,-46.7010047287E-03
-311.5000E-09,-46.7010047287E-03
-311.0000E-09,-46.7010047287E-03
-310.5000E-09,-46.7010047287E-03
-310.0000E-09,-46.7010047287E-03
-309.5000E-09,-46.7010047287E-03
-309.0000E-09,-46.7010047287E-03
-308.5000E-09,-46.7010047287E-03
-308.0000E-09,-46.7010047287E-03
-307.5000E-09,-46.7010047287E-03
-307.0000E-09,-46.7010047287E-03
-306.5000E-09,-46.7010047287E-03
-306.0000E-09,-46.7010047287E-03
-305.5000E-09,-46.7010047287E-03
-305.0000E-09,-46.7010047287E-03
-304.5000E-09,-36.6507535800E-03
-304.0000E-09,-26.6005024314E-03
-303.5000E-09,-26.6005024314E-03
-303.0000E-09,-26.6005024314E-03
-302.5000E-09,-26.6005024314E-03
-302.0000E-09,-26.6005024314E-03
-301.5000E-09,-26.6005024314E-03
-301.0000E-09,-26.6005024314E-03
-300.5000E-09,-26.6005024314E-03
-300.0000E-09,-26.6005024314E-03
-299.5000E-09,-26.6005024314E-03
-299.0000E-09,-35.3944721865E-03
-298.5000E-09,-46.7010047287E-03
-298.0000E-09,-46.7010047287E-03
-297.5000E-09,-46.7010047287E-03
-297.0000E-09,-46.7010047287E-03
-296.5000E-09,-46.7010047287E-03
-296.0000E-09,-46.7010047287E-03
-295.5000E-09,-46.7010047287E-03
-295.0000E-09,-46.7010047287E-03
-294.5000E-09,-46.7010047287E-03
-294.0000E-09,-36.6507535800E-03
-293.5000E-09,-26.6005024314E-03
-293.0000E-09,-26.6005024314E-03
-292.5000E-09,-26.6005024314E-03
-292.0000E-09,-26.6005024314E-03
-291.5000E-09,-26.6005024314E-03
-291.0000E-09,-26.6005024314E-03
-290.5000E-09,-26.6005024314E-03
-290.0000E-09,-26.6005024314E-03
-289.5000E-09,-26.6005024314E-03
-289.0000E-09,-26.6005024314E-03
-288.5000E-09,-35.3944721865E-03
-288.0000E-09,-46.7010047287E-03
-287.5000E-09,-46.7010047287E-03
-287.0000E-09,-46.7010047287E-03
-286.5000E-09,-46.7010047287E-03
-286.0000E-09,-46.7010047287E-03
-285.5000E-09,-46.7010047287E-03
-285.0000E-09,-46.7010047287E-03
-284.5000E-09,-46.7010047287E-03
-284.0000E-09,-36.6507535800E-03
-283.5000E-09,-26.6005024314E-03
-283.0000E-09,-26.6005024314E-03
-282.5000E-09,-26.6005024314E-03
-282.0000E-09,-26.6005024314E-03
-281.5000E-09,-26.6005024314E-03
-281.0000E-09,-26.6005024314E-03
-280.5000E-09,-26.6005024314E-03
-280.0000E-09,-26.6005024314E-03
-279.5000E-09,-26.6005024314E-03
-279.0000E-09,-26.6005024314E-03
-278.5000E-09,-35.3944721865E-03
-278.0000E-09,-46.7010047287E-03
-277.5000E-09,-46.7010047287E-03
-277.0000E-09,-46.7010047287E-03
-276.5000E-09,-46.7010047287E-03
-276.0000E-09,-46.7010047287E-03
-275.5000E-09,-46.7010047287E-03
-275.0000E-09,-46.7010047287E-03
-274.5000E-09,-46.7010047287E-03
-274.0000E-09,-36.6507535800E-03
-273.5000E-09,-26.6005024314E-03
-273.0000E-09,-26.6005024314E-03
-272.5000E-09,-26.6005024314E-03
-272.0000E-09,-26.6005024314E-03
-271.5000E-09,-26.6005024314E-03
-271.0000E-09,-26.6005024314E-03
-270.5000E-09,-26.6005024314E-03
-270.0000E-09,-26.6005024314E-03
-269.5000E-09,-26.6005024314E-03
-269.0000E-09,-26.6005024314E-03
-268.5000E-09,-26.6005024314E-03
-268.0000E-09,-26.6005024314E-03
-267.5000E-09,-26.6005024314E-03
-267.0000E-09,-26.6005024314E-03
-266.5000E-09,-26.6005024314E-03
-266.0000E-09,-35.3944721865E-03
-265.5000E-09,-46.7010047287E-03
-265.0000E-09,-46.7010047287E-03
-264.5000E-09,-36.6507535800E-03
-264.0000E-09,-26.6005024314E-03
-263.5000E-09,-26.6005024314E-03
-263.0000E-09,-26.6005024314E-03
-262.5000E-09,-26.6005024314E-03
-262.0000E-09,-26.6005024314E-03
-261.5000E-09,-16.5502512828E-03
-261.0000E-09,-6.5000001341E-03
-260.5000E-09,-6.5000001341E-03
-260.0000E-09,-15.2939698892E-03
-259.5000E-09,-26.6005024314E-03
-259.0000E-09,-26.6005024314E-03
-258.5000E-09,-26.6005024314E-03
-258.0000E-09,-26.6005024314E-03
-257.5000E-09,-35.3944721865E-03
-257.0000E-09,-46.7010047287E-03
-256.5000E-09,-46.7010047287E-03
-256.0000E-09,-46.7010047287E-03
-255.5000E-09,-46.7010047287E-03
-255.0000E-09,-46.7010047287E-03
-254.5000E-09,-46.7010047287E-03
-254.0000E-09,-46.7010047287E-03
-253.5000E-09,-36.6507535800E-03
-253.0000E-09,-26.6005024314E-03
-252.5000E-09,-26.6005024314E-03
-252.0000E-09,-26.6005024314E-03
-251.5000E-09,-26.6005024314E-03
-251.0000E-09,-26.6005024314E-03
-250.5000E-09,-26.6005024314E-03
-250.0000E-09,-26.6005024314E-03
-249.5000E-09,-26.6005024314E-03
-249.0000E-09,-26.6005024314E-03
-248.5000E-09,-26.6005024314E-03
-248.0000E-09,-26.6005024314E-03
-247.5000E-09,-26.6005024314E-03
-247.0000E-09,-26.6005024314E-03
-246.5000E-09,-26.6005024314E-03
-246.0000E-09,-35.3944721865E-03
-245.5000E-09,-46.7010047287E-03
-245.0000E-09,-46.7010047287E-03
-244.5000E-09,-46.7010047287E-03
-244.0000E-09,-46.7010047287E-03
-243.5000E-09,-46.7010047287E-03
-243.0000E-09,-46.7010047287E-03
-242.5000E-09,-46.7010047287E-03
-242.0000E-09,-46.7010047287E-03
-241.5000E-09,-36.6507535800E-03
-241.0000E-09,-26.6005024314E-03
-240.5000E-09,-26.6005024314E-03
-240.0000E-09,-26.6005024314E-03
-239.5000E-09,-26.6005024314E-03
-239.0000E-09,-26.6005024314E-03
-238.5000E-09,-26.6005024314E-03
-238.0000E-09,-26.6005024314E-03
-237.5000E-09,-26.6005024314E-03
-237.0000E-09,-26.6005024314E-03
-236.5000E-09,-26.6005024314E-03
-236.0000E-09,-26.6005024314E-03
-235.5000E-09,-35.3944721865E-03
-235.0000E-09,-46.7010047287E-03
-234.5000E-09,-46.7010047287E-03
-234.0000E-09,-46.7010047287E-03
-233.5000E-09,-46.7010047287E-03
-233.0000E-09,-46.7010047287E-03
-232.5000E-09,-46.7010047287E-03
-232.0000E-09,-46.7010047287E-03
-231.5000E-09,-46.7010047287E-03
-231.0000E-09,-46.7010047287E-03
-230.5000E-09,-46.7010047287E-03
-230.0000E-09,-36.6507535800E-03
-229.5000E-09,-26.6005024314E-03
-229.0000E-09,-26.6005024314E-03
-228.5000E-09,-26.6005024314E-03
-228.0000E-09,-26.6005024314E-03
-227.5000E-09,-26.6005024314E-03
-227.0000E-09,-26.6005024314E-03
-226.5000E-09,-26.6005024314E-03
-226.0000E-09,-26.6005024314E-03
-225.5000E-09,-35.3944721865E-03
-225.0000E-09,-46.7010047287E-03
-224.5000E-09,-46.7010047287E-03
-224.0000E-09,-46.7010047287E-03
-223.5000E-09,-46.7010047287E-03
-223.0000E-09,-46.7010047287E-03
-222.5000E-09,-46.7010047287E-03
-222.0000E-09,-46.7010047287E-03
-221.5000E-09,-46.7010047287E-03
-221.0000E-09,-46.7010047287E-03
-220.5000E-09,-46.7010047287E-03
-220.0000E-09,-46.7010047287E-03
-219.5000E-09,-36.6507535800E-03
-219.0000E-09,-26.6005024314E-03
-218.5000E-09,-26.6005024314E-03
-218.0000E-09,-26.6005024314E-03
-217.5000E-09,-26.6005024314E-03
-217.0000E-09,-26.6005024314E-03
-216.5000E-09,-26.6005024314E-03
-216.0000E-09,-26.6005024314E-03
-215.5000E-09,-26.6005024314E-03
-215.0000E-09,-35.3944721865E-03
-214.5000E-09,-46.7010047287E-03
-214.0000E-09,-46.7010047287E-03
-213.5000E-09,-46.7010047287E-03
-213.0000E-09,-46.7010047287E-03
-212.5000E-09,-55.4949744837E-03
-212.0000E-09,-66.8015070260E-03
-211.5000E-09,-66.8015070260E-03
-211.0000E-09,-56.7512558773E-03
-210.5000E-09,-46.7010047287E-03
-210.0000E-09,-46.7010047287E-03
-209.5000E-09,-46.7010047287E-03
-209.0000E-09,-46.7010047287E-03
-208.5000E-09,-36.6507535800E-03
-208.0000E-09,-26.6005024314E-03
-207.5000E-09,-26.6005024314E-03
-207.0000E-09,-26.6005024314E-03
-206.5000E-09,-26.6005024314E-03
-206.0000E-09,-26.6005024314E-03
-205.5000E-09,-26.6005024314E-03
-205.0000E-09,-26.6005024314E-03
-204.5000E-09,-26.6005024314E-03
-204.0000E-09,-35.3944721865E-03
-203.5000E-09,-46.7010047287E-03
-203.0000E-09,-46.7010047287E-03
-202.5000E-09,-46.7010047287E-03
-202.0000E-09,-46.7010047287E-03
-201.5000E-09,-55.4949744837E-03
-201.0000E-09,-66.8015070260E-03
-200.5000E-09,-56.7512558773E-03
-200.0000E-09,-46.7010047287E-03
-199.5000E-09,-46.7010047287E-03
-199.0000E-09,-46.7010047287E-03
-198.5000E-09,-46.7010047287E-03
-198.0000E-09,-36.6507535800E-03
-197.5000E-09,-26.6005024314E-03
-197.0000E-09,-26.6005024314E-03
-196.5000E-09,-26.6005024314E-03
-196.0000E-09,-26.6005024314E-03
-195.5000E-09,-26.6005024314E-03
-195.0000E-09,-35.3944721865E-03
-194.5000E-09,-46.7010047287E-03
-194.0000E-09,-46.7010047287E-03
-193.5000E-09,-46.7010047287E-03
-193.0000E-09,-46.7010047287E-03
-192.5000E-09,-46.7010047287E-03
-192.0000E-09,-46.7010047287E-03
-191.5000E-09,-46.7010047287E-03
-191.0000E-09,-46.7010047287E-03
-190.5000E-09,-46.7010047287E-03
-190.0000E-09,-46.7010047287E-03
-189.5000E-09,-46.7010047287E-03
-189.0000E-09,-46.7010047287E-03
-188.5000E-09,-46.7010047287E-03
-188.0000E-09,-46.7010047287E-03
-187.5000E-09,-46.7010047287E-03
-187.0000E-09,-36.6507535800E-03
-186.5000E-09,-26.6005024314E-03
-186.0000E-09,-26.6005024314E-03
-185.5000E-09,-26.6005024314E-03
-185.0000E-09,-26.6005024314E-03
-184.5000E-09,-26.6005024314E-03
-184.0000E-09,-26.6005024314E-03
-183.5000E-09,-26.6005024314E-03
-183.0000E-09,-26.6005024314E-03
-182.5000E-09,-35.3944721865E-03
-182.0000E-09,-46.7010047287E-03
-181.5000E-09,-46.7010047287E-03
-181.0000E-09,-46.7010047287E-03
-180.5000E-09,-46.7010047287E-03
-180.0000E-09,-46.7010047287E-03
-179.5000E-09,-46.7010047287E-03
-179.0000E-09,-46.7010047287E-03
-178.5000E-09,-46.7010047287E-03
-178.0000E-09,-46.7010047287E-03
-177.5000E-09,-46.7010047287E-03
-177.0000E-09,-46.7010047287E-03
-176.5000E-09,-36.6507535800E-03
-176.0000E-09,-26.6005024314E-03
-175.5000E-09,-26.6005024314E-03
-175.0000E-09,-26.6005024314E-03
-174.5000E-09,-26.6005024314E-03
-174.0000E-09,-26.6005024314E-03
-173.5000E-09,-26.6005024314E-03
-173.0000E-09,-26.6005024314E-03
-172.5000E-09,-35.3944721865E-03
-172.0000E-09,-46.7010047287E-03
-171.5000E-09,-46.7010047287E-03
-171.0000E-09,-46.7010047287E-03
-170.5000E-09,-46.7010047287E-03
-170.0000E-09,-46.7010047287E-03
-169.5000E-09,-46.7010047287E-03
-169.0000E-09,-46.7010047287E-03
-168.5000E-09,-46.7010047287E-03
-168.0000E-09,-46.7010047287E-03
-167.5000E-09,-46.7010047287E-03
-167.0000E-09,-46.7010047287E-03
-166.5000E-09,-36.6507535800E-03
-166.0000E-09,-26.6005024314E-03
-165.5000E-09,-26.6005024314E-03
-165.0000E-09,-26.6005024314E-03
-164.5000E-09,-26.6005024314E-03
-164.0000E-09,-26.6005024314E-03
-163.5000E-09,-26.6005024314E-03
-163.0000E-09,-35.3944721865E-03
-162.5000E-09,-46.7010047287E-03
-162.0000E-09,-46.7010047287E-03
-161.5000E-09,-46.7010047287E-03
-161.0000E-09,-46.7010047287E-03
-160.5000E-09,-46.7010047287E-03
-160.0000E-09,-46.7010047287E-03
-159.5000E-09,-46.7010047287E-03
-159.0000E-09,-46.7010047287E-03
-158.5000E-09,-46.7010047287E-03
-158.0000E-09,-46.7010047287E-03
-157.5000E-09,-36.6507535800E-03
-157.0000E-09,-26.6005024314E-03
-156.5000E-09,-26.6005024314E-03
-156.0000E-09,-26.6005024314E-03
-155.5000E-09,-26.6005024314E-03
-155.0000E-09,-26.6005024314E-03
-154.5000E-09,-26.6005024314E-03
-154.0000E-09,-26.6005024314E-03
-153.5000E-09,-26.6005024314E-03
-153.0000E-09,-26.6005024314E-03
-152.5000E-09,-26.6005024314E-03
-152.0000E-09,-26.6005024314E-03
-151.5000E-09,-26.6005024314E-03
-151.0000E-09,-26.6005024314E-03
-150.5000E-09,-26.6005024314E-03
-150.0000E-09,-26.6005024314E-03
-149.5000E-09,-35.3944721865E-03
-149.0000E-09,-46.7010047287E-03
-148.5000E-09,-46.7010047287E-03
-148.0000E-09,-46.7010047287E-03
-147.5000E-09,-46.7010047287E-03
-147.0000E-09,-46.7010047287E-03
-146.5000E-09,-36.6507535800E-03
-146.0000E-09,-26.6005024314E-03
-145.5000E-09,-26.6005024314E-03
-145.0000E-09,-26.6005024314E-03
-144.5000E-09,-26.6005024314E-03
-144.0000E-09,-26.6005024314E-03
-143.5000E-09,-26.6005024314E-03
-143.0000E-09,-26.6005024314E-03
-142.5000E-09,-26.6005024314E-03
-142.0000E-09,-26.6005024314E-03
-141.5000E-09,-26.6005024314E-03
-141.0000E-09,-26.6005024314E-03
-140.5000E-09,-26.6005024314E-03
-140.0000E-09,-26.6005024314E-03
-139.5000E-09,-26.6005024314E-03
-139.0000E-09,-35.3944721865E-03
-138.5000E-09,-46.7010047287E-03
-138.0000E-09,-46.7010047287E-03
-137.5000E-09,-46.7010047287E-03
-137.0000E-09,-46.7010047287E-03
-136.5000E-09,-46.7010047287E-03
-136.0000E-09,-36.6507535800E-03
-135.5000E-09,-26.6005024314E-03
-135.0000E-09,-26.6005024314E-03
-134.5000E-09,-26.6005024314E-03
-134.0000E-09,-26.6005024314E-03
-133.5000E-09,-26.6005024314E-03
-133.0000E-09,-26.6005024314E-03
-132.5000E-09,-26.6005024314E-03
-132.0000E-09,-26.6005024314E-03
-131.5000E-09,-26.6005024314E-03
-131.0000E-09,-26.6005024314E-03
-130.5000E-09,-26.6005024314E-03
-130.0000E-09,-26.6005024314E-03
-129.5000E-09,-35.3944721865E-03
-129.0000E-09,-46.7010047287E-03
-128.5000E-09,-46.7010047287E-03
-128.0000E-09,-46.7010047287E-03
-127.5000E-09,-46.7010047287E-03
-127.0000E-09,-46.7010047287E-03
-126.5000E-09,-46.7010047287E-03
-126.0000E-09,-46.7010047287E-03
-125.5000E-09,-46.7010047287E-03
-125.0000E-09,-36.6507535800E-03
-124.5000E-09,-26.6005024314E-03
-124.0000E-09,-26.6005024314E-03
-123.5000E-09,-26.6005024314E-03
-123.0000E-09,-26.6005024314E-03
-122.5000E-09,-26.6005024314E-03
-122.0000E-09,-26.6005024314E-03
-121.5000E-09,-26.6005024314E-03
-121.0000E-09,-26.6005024314E-03
-120.5000E-09,-26.6005024314E-03
-120.0000E-09,-35.3944721865E-03
-119.5000E-09,-46.7010047287E-03
-119.0000E-09,-46.7010047287E-03
-118.5000E-09,-46.7010047287E-03
-118.0000E-09,-46.7010047287E-03
-117.5000E-09,-46.7010047287E-03
-117.0000E-09,-46.7010047287E-03
-116.5000E-09,-46.7010047287E-03
-116.0000E-09,-46.7010047287E-03
-115.5000E-09,-46.7010047287E-03
-115.0000E-09,-36.6507535800E-03
-114.5000E-09,-26.6005024314E-03
-114.0000E-09,-26.6005024314E-03
-113.5000E-09,-26.6005024314E-03
-113.0000E-09,-26.6005024314E-03
-112.5000E-09,-26.6005024314E-03
-112.0000E-09,-26.6005024314E-03
-111.5000E-09,-26.6005024314E-03
-111.0000E-09,-26.6005024314E-03
-110.5000E-09,-26.6005024314E-03
-110.0000E-09,-26.6005024314E-03
-109.5000E-09,-26.6005024314E-03
-109.0000E-09,-35.3944721865E-03
-108.5000E-09,-46.7010047287E-03
-108.0000E-09,-46.7010047287E-03
-107.5000E-09,-46.7010047287E-03
-107.0000E-09,-46.7010047287E-03
-106.5000E-09,-46.7010047287E-03
-106.0000E-09,-46.7010047287E-03
-105.5000E-09,-46.7010047287E-03
-105.0000E-09,-46.7010047287E-03
-104.5000E-09,-46.7010047287E-03
-104.0000E-09,-36.6507535800E-03
-103.5000E-09,-26.6005024314E-03
-103.0000E-09,-26.6005024314E-03
-102.5000E-09,-26.6005024314E-03
-102.0000E-09,-26.6005024314E-03
-101.5000E-09,-26.6005024314E-03
-101.0000E-09,-26.6005024314E-03
-100.5000E-09,-26.6005024314E-03
-100.0000E-09,-26.6005024314E-03
-99.5000E-09,-26.6005024314E-03
-99.0000E-09,-26.6005024314E-03
-98.5000E-09,-26.6005024314E-03
-98.0000E-09,-35.3944721865E-03
-97.5000E-09,-46.7010047287E-03
-97.0000E-09,-46.7010047287E-03
-96.5000E-09,-46.7010047287E-03
-96.0000E-09,-46.7010047287E-03
-95.5000E-09,-46.7010047287E-03
-95.0000E-09,-46.7010047287E-03
-94.5000E-09,-46.7010047287E-03
-94.0000E-09,-46.7010047287E-03
-93.5000E-09,-46.7010047287E-03
-93.0000E-09,-46.7010047287E-03
-92.5000E-09,-36.6507535800E-03
-92.0000E-09,-26.6005024314E-03
-91.5000E-09,-26.6005024314E-03
-91.0000E-09,-26.6005024314E-03
-90.5000E-09,-26.6005024314E-03
-90.0000E-09,-26.6005024314E-03
-89.5000E-09,-26.6005024314E-03
-89.0000E-09,-26.6005024314E-03
-88.5000E-09,-35.3944721865E-03
-88.0000E-09,-46.7010047287E-03
-87.5000E-09,-46.7010047287E-03
-87.0000E-09,-46.7010047287E-03
-86.5000E-09,-46.7010047287E-03
-86.0000E-09,-46.7010047287E-03
-85.5000E-09,-46.7010047287E-03
-85.0000E-09,-46.7010047287E-03
-84.5000E-09,-46.7010047287E-03
-84.0000E-09,-46.7010047287E-03
-83.5000E-09,-46.7010047287E-03
-83.0000E-09,-46.7010047287E-03
-82.5000E-09,-46.7010047287E-03
-82.0000E-09,-46.7010047287E-03
-81.5000E-09,-46.7010047287E-03
-81.0000E-09,-36.6507535800E-03
-80.5000E-09,-26.6005024314E-03
-80.0000E-09,-26.6005024314E-03
-79.5000E-09,-26.6005024314E-03
-79.0000E-09,-26.6005024314E-03
-78.5000E-09,-26.6005024314E-03
-78.0000E-09,-26.6005024314E-03
-77.5000E-09,-26.6005024314E-03
-77.0000E-09,-35.3944721865E-03
-76.5000E-09,-46.7010047287E-03
-76.0000E-09,-46.7010047287E-03
-75.5000E-09,-46.7010047287E-03
-75.0000E-09,-46.7010047287E-03
-74.5000E-09,-46.7010047287E-03
-74.0000E-09,-46.7010047287E-03
-73.5000E-09,-46.7010047287E-03
-73.0000E-09,-46.7010047287E-03
-72.5000E-09,-46.7010047287E-03
-72.0000E-09,-46.7010047287E-03
-71.5000E-09,-46.7010047287E-03
-71.0000E-09,-36.6507535800E-03
-70.5000E-09,-26.6005024314E-03
-70.0000E-09,-26.6005024314E-03
-69.5000E-09,-26.6005024314E-03
-69.0000E-09,-26.6005024314E-03
-68.5000E-09,-26.6005024314E-03
-68.0000E-09,-26.6005024314E-03
-67.5000E-09,-26.6005024314E-03
-67.0000E-09,-26.6005024314E-03
-66.5000E-09,-26.6005024314E-03
-66.0000E-09,-35.3944721865E-03
-65.5000E-09,-46.7010047287E-03
-65.0000E-09,-46.7010047287E-03
-64.5000E-09,-46.7010047287E-03
-64.0000E-09,-46.7010047287E-03
-63.5000E-09,-46.7010047287E-03
-63.0000E-09,-46.7010047287E-03
-62.5000E-09,-46.7010047287E-03
-62.0000E-09,-46.7010047287E-03
-61.5000E-09,-36.6507535800E-03
-61.0000E-09,-26.6005024314E-03
-60.5000E-09,-26.6005024314E-03
-60.0000E-09,-26.6005024314E-03
-59.5000E-09,-26.6005024314E-03
-59.0000E-09,-26.6005024314E-03
-58.5000E-09,-26.6005024314E-03
-58.0000E-09,-26.6005024314E-03
-57.5000E-09,-26.6005024314E-03
-57.0000E-09,-26.6005024314E-03
-56.5000E-09,-26.6005024314E-03
-56.0000E-09,-35.3944721865E-03
-55.5000E-09,-46.7010047287E-03
-55.0000E-09,-46.7010047287E-03
-54.5000E-09,-46.7010047287E-03
-54.0000E-09,-46.7010047287E-03
-53.5000E-09,-46.7010047287E-03
-53.0000E-09,-46.7010047287E-03
-52.5000E-09,-46.7010047287E-03
-52.0000E-09,-46.7010047287E-03
-51.5000E-09,-46.7010047287E-03
-51.0000E-09,-46.7010047287E-03
-50.5000E-09,-46.7010047287E-03
-50.0000E-09,-36.6507535800E-03
-49.5000E-09,-26.6005024314E-03
-49.0000E-09,-26.6005024314E-03
-48.5000E-09,-26.6005024314E-03
-48.0000E-09,-26.6005024314E-03
-47.5000E-09,-26.6005024314E-03
-47.0000E-09,-26.6005024314E-03
-46.5000E-09,-26.6005024314E-03
-46.0000E-09,-26.6005024314E-03
-45.5000E-09,-35.3944721865E-03
-45.0000E-09,-46.7010047287E-03
-44.5000E-09,-46.7010047287E-03
-44.0000E-09,-46.7010047287E-03
-43.5000E-09,-46.7010047287E-03
-43.0000E-09,-46.7010047287E-03
-42.5000E-09,-46.7010047287E-03
-42.0000E-09,-46.7010047287E-03
-41.5000E-09,-46.7010047287E-03
-41.0000E-09,-46.7010047287E-03
-40.5000E-09,-46.7010047287E-03
-40.0000E-09,-46.7010047287E-03
-39.5000E-09,-36.6507535800E-03
-39.0000E-09,-26.6005024314E-03
-38.5000E-09,-26.6005024314E-03
-38.0000E-09,-26.6005024314E-03
-37.5000E-09,-26.6005024314E-03
-37.0000E-09,-26.6005024314E-03
-36.5000E-09,-26.6005024314E-03
-36.0000E-09,-26.6005024314E-03
-35.5000E-09,-26.6005024314E-03
-35.0000E-09,-26.6005024314E-03
-34.5000E-09,-26.6005024314E-03
-34.0000E-09,-35.3944721865E-03
-33.5000E-09,-46.7010047287E-03
-33.0000E-09,-46.7010047287E-03
-32.5000E-09,-46.7010047287E-03
-32.0000E-09,-46.7010047287E-03
-31.5000E-09,-46.7010047287E-03
-31.0000E-09,-46.7010047287E-03
-30.5000E-09,-46.7010047287E-03
-30.0000E-09,-46.7010047287E-03
-29.5000E-09,-36.6507535800E-03
-29.0000E-09,-26.6005024314E-03
-28.5000E-09,-26.6005024314E-03
-28.0000E-09,-26.6005024314E-03
-27.5000E-09,-26.6005024314E-03
-27.0000E-09,-26.6005024314E-03
-26.5000E-09,-26.6005024314E-03
-26.0000E-09,-26.6005024314E-03
-25.5000E-09,-26.6005024314E-03
-25.0000E-09,-26.6005024314E-03
-24.5000E-09,-35.3944721865E-03
-24.0000E-09,-46.7010047287E-03
-23.5000E-09,-46.7010047287E-03
-23.0000E-09,-46.7010047287E-03
-22.5000E-09,-46.7010047287E-03
-22.0000E-09,-46.7010047287E-03
-21.5000E-09,-46.7010047287E-03
-21.0000E-09,-46.7010047287E-03
-20.5000E-09,-46.7010047287E-03
-20.0000E-09,-46.7010047287E-03
-19.5000E-09,-46.7010047287E-03
-19.0000E-09,-46.7010047287E-03
-18.5000E-09,-36.6507535800E-03
-18.0000E-09,-26.6005024314E-03
-17.5000E-09,-26.6005024314E-03
-17.0000E-09,-26.6005024314E-03
-16.5000E-09,-16.5502512828E-03
-16.0000E-09,-6.5000001341E-03
-15.5000E-09,+2.2939696210E-03
-15.0000E-09,+13.6005021632E-03
-14.5000E-09,+13.6005021632E-03
-14.0000E-09,+13.6005021632E-03
-13.5000E-09,+22.3944719182E-03
-13.0000E-09,+33.7010044605E-03
-12.5000E-09,+33.7010044605E-03
-12.0000E-09,+42.4949742155E-03
-11.5000E-09,+53.8015067577E-03
-11.0000E-09,+62.5954765128E-03
-10.5000E-09,+73.9020090550E-03
-10.0000E-09,+82.6959788101E-03
-9.5000E-09,+102.7964811074E-03
-9.0000E-09,+122.8969834046E-03
-8.5000E-09,+134.2035159469E-03
-8.0000E-09,+142.9974857019E-03
-7.5000E-09,+163.0979879992E-03
-7.0000E-09,+183.1984902965E-03
-6.5000E-09,+203.2989925938E-03
-6.0000E-09,+223.3994948911E-03
-5.5000E-09,+243.4999971883E-03
-5.0000E-09,+263.6004994856E-03
-4.5000E-09,+274.9070320278E-03
-4.0000E-09,+283.7010017829E-03
-3.5000E-09,+303.8015040802E-03
-3.0000E-09,+323.9020063775E-03
-2.5000E-09,+335.2085389197E-03
-2.0000E-09,+344.0025086747E-03
-1.5000E-09,+364.1030109720E-03
-1.0000E-09,+384.2035132693E-03
-500.0E-12,+395.5100458115E-03
-0.0E+00,+404.3040155666E-03
+500.0E-12,+424.4045178639E-03
+1.0000E-09,+444.5050201612E-03
+1.5000E-09,+464.6055224584E-03
+2.0000E-09,+475.9120550007E-03
+2.5000E-09,+484.7060247557E-03
+3.0000E-09,+504.8065270530E-03
+3.5000E-09,+524.9070293503E-03
+4.0000E-09,+536.2135618925E-03
+4.5000E-09,+545.0075316476E-03
+5.0000E-09,+565.1080339449E-03
+5.5000E-09,+576.4145664871E-03
+6.0000E-09,+576.4145664871E-03
+6.5000E-09,+585.2085362421E-03
+7.0000E-09,+596.5150687844E-03
+7.5000E-09,+596.5150687844E-03
+8.0000E-09,+596.5150687844E-03
+8.5000E-09,+605.3090385394E-03
+9.0000E-09,+616.6155710816E-03
+9.5000E-09,+616.6155710816E-03
+10.0000E-09,+616.6155710816E-03
+10.5000E-09,+616.6155710816E-03
+11.0000E-09,+616.6155710816E-03
+11.5000E-09,+616.6155710816E-03
+12.0000E-09,+616.6155710816E-03
+12.5000E-09,+625.4095408367E-03
+13.0000E-09,+636.7160733789E-03
+13.5000E-09,+636.7160733789E-03
+14.0000E-09,+636.7160733789E-03
+14.5000E-09,+636.7160733789E-03
+15.0000E-09,+636.7160733789E-03
+15.5000E-09,+636.7160733789E-03
+16.0000E-09,+636.7160733789E-03
+16.5000E-09,+636.7160733789E-03
+17.0000E-09,+636.7160733789E-03
+17.5000E-09,+636.7160733789E-03
+18.0000E-09,+636.7160733789E-03
+18.5000E-09,+636.7160733789E-03
+19.0000E-09,+636.7160733789E-03
+19.5000E-09,+636.7160733789E-03
+20.0000E-09,+626.6658222303E-03
+20.5000E-09,+616.6155710816E-03
+21.0000E-09,+616.6155710816E-03
+21.5000E-09,+616.6155710816E-03
+22.0000E-09,+616.6155710816E-03
+22.5000E-09,+625.4095408367E-03
+23.0000E-09,+636.7160733789E-03
+23.5000E-09,+636.7160733789E-03
+24.0000E-09,+636.7160733789E-03
+24.5000E-09,+636.7160733789E-03
+25.0000E-09,+645.5100431340E-03
+25.5000E-09,+656.8165756762E-03
+26.0000E-09,+656.8165756762E-03
+26.5000E-09,+656.8165756762E-03
+27.0000E-09,+656.8165756762E-03
+27.5000E-09,+656.8165756762E-03
+28.0000E-09,+656.8165756762E-03
+28.5000E-09,+656.8165756762E-03
+29.0000E-09,+646.7663245276E-03
+29.5000E-09,+636.7160733789E-03
+30.0000E-09,+636.7160733789E-03
+30.5000E-09,+636.7160733789E-03
+31.0000E-09,+636.7160733789E-03
+31.5000E-09,+626.6658222303E-03
+32.0000E-09,+616.6155710816E-03
+32.5000E-09,+616.6155710816E-03
+33.0000E-09,+625.4095408367E-03
+33.5000E-09,+636.7160733789E-03
+34.0000E-09,+636.7160733789E-03
+34.5000E-09,+636.7160733789E-03
+35.0000E-09,+636.7160733789E-03
+35.5000E-09,+645.5100431340E-03
+36.0000E-09,+656.8165756762E-03
+36.5000E-09,+656.8165756762E-03
+37.0000E-09,+656.8165756762E-03
+37.5000E-09,+656.8165756762E-03
+38.0000E-09,+656.8165756762E-03
+38.5000E-09,+646.7663245276E-03
+39.0000E-09,+636.7160733789E-03
+39.5000E-09,+636.7160733789E-03
+40.0000E-09,+636.7160733789E-03
+40.5000E-09,+636.7160733789E-03
+41.0000E-09,+636.7160733789E-03
+41.5000E-09,+626.6658222303E-03
+42.0000E-09,+616.6155710816E-03
+42.5000E-09,+616.6155710816E-03
+43.0000E-09,+616.6155710816E-03
+43.5000E-09,+625.4095408367E-03
+44.0000E-09,+636.7160733789E-03
+44.5000E-09,+636.7160733789E-03
+45.0000E-09,+636.7160733789E-03
+45.5000E-09,+636.7160733789E-03
+46.0000E-09,+636.7160733789E-03
+46.5000E-09,+636.7160733789E-03
+47.0000E-09,+636.7160733789E-03
+47.5000E-09,+636.7160733789E-03
+48.0000E-09,+636.7160733789E-03
+48.5000E-09,+636.7160733789E-03
+49.0000E-09,+636.7160733789E-03
+49.5000E-09,+636.7160733789E-03
+50.0000E-09,+636.7160733789E-03
+50.5000E-09,+636.7160733789E-03
+51.0000E-09,+636.7160733789E-03
+51.5000E-09,+636.7160733789E-03
+52.0000E-09,+626.6658222303E-03
+52.5000E-09,+616.6155710816E-03
+53.0000E-09,+616.6155710816E-03
+53.5000E-09,+616.6155710816E-03
+54.0000E-09,+616.6155710816E-03
+54.5000E-09,+616.6155710816E-03
+55.0000E-09,+625.4095408367E-03
+55.5000E-09,+636.7160733789E-03
+56.0000E-09,+636.7160733789E-03
+56.5000E-09,+636.7160733789E-03
+57.0000E-09,+636.7160733789E-03
+57.5000E-09,+636.7160733789E-03
+58.0000E-09,+636.7160733789E-03
+58.5000E-09,+636.7160733789E-03
+59.0000E-09,+636.7160733789E-03
+59.5000E-09,+636.7160733789E-03
+60.0000E-09,+636.7160733789E-03
+60.5000E-09,+636.7160733789E-03
+61.0000E-09,+636.7160733789E-03
+61.5000E-09,+636.7160733789E-03
+62.0000E-09,+636.7160733789E-03
+62.5000E-09,+626.6658222303E-03
+63.0000E-09,+616.6155710816E-03
+63.5000E-09,+616.6155710816E-03
+64.0000E-09,+616.6155710816E-03
+64.5000E-09,+616.6155710816E-03
+65.0000E-09,+616.6155710816E-03
+65.5000E-09,+625.4095408367E-03
+66.0000E-09,+636.7160733789E-03
+66.5000E-09,+636.7160733789E-03
+67.0000E-09,+636.7160733789E-03
+67.5000E-09,+636.7160733789E-03
+68.0000E-09,+636.7160733789E-03
+68.5000E-09,+645.5100431340E-03
+69.0000E-09,+656.8165756762E-03
+69.5000E-09,+656.8165756762E-03
+70.0000E-09,+656.8165756762E-03
+70.5000E-09,+646.7663245276E-03
+71.0000E-09,+636.7160733789E-03
+71.5000E-09,+636.7160733789E-03
+72.0000E-09,+636.7160733789E-03
+72.5000E-09,+636.7160733789E-03
+73.0000E-09,+636.7160733789E-03
+73.5000E-09,+636.7160733789E-03
+74.0000E-09,+636.7160733789E-03
+74.5000E-09,+636.7160733789E-03
+75.0000E-09,+636.7160733789E-03
+75.5000E-09,+636.7160733789E-03
+76.0000E-09,+636.7160733789E-03
+76.5000E-09,+636.7160733789E-03
+77.0000E-09,+636.7160733789E-03
+77.5000E-09,+645.5100431340E-03
+78.0000E-09,+656.8165756762E-03
+78.5000E-09,+656.8165756762E-03
+79.0000E-09,+656.8165756762E-03
+79.5000E-09,+656.8165756762E-03
+80.0000E-09,+656.8165756762E-03
+80.5000E-09,+656.8165756762E-03
+81.0000E-09,+656.8165756762E-03
+81.5000E-09,+646.7663245276E-03
+82.0000E-09,+636.7160733789E-03
+82.5000E-09,+636.7160733789E-03
+83.0000E-09,+636.7160733789E-03
+83.5000E-09,+636.7160733789E-03
+84.0000E-09,+636.7160733789E-03
+84.5000E-09,+636.7160733789E-03
+85.0000E-09,+636.7160733789E-03
+85.5000E-09,+636.7160733789E-03
+86.0000E-09,+636.7160733789E-03
+86.5000E-09,+636.7160733789E-03
+87.0000E-09,+636.7160733789E-03
+87.5000E-09,+636.7160733789E-03
+88.0000E-09,+645.5100431340E-03
+88.5000E-09,+656.8165756762E-03
+89.0000E-09,+656.8165756762E-03
+89.5000E-09,+656.8165756762E-03
+90.0000E-09,+656.8165756762E-03
+90.5000E-09,+656.8165756762E-03
+91.0000E-09,+656.8165756762E-03
+91.5000E-09,+656.8165756762E-03
+92.0000E-09,+656.8165756762E-03
+92.5000E-09,+656.8165756762E-03
+93.0000E-09,+656.8165756762E-03
+93.5000E-09,+656.8165756762E-03
+94.0000E-09,+646.7663245276E-03
+94.5000E-09,+636.7160733789E-03
+95.0000E-09,+636.7160733789E-03
+95.5000E-09,+636.7160733789E-03
+96.0000E-09,+636.7160733789E-03
+96.5000E-09,+636.7160733789E-03
+97.0000E-09,+636.7160733789E-03
+97.5000E-09,+645.5100431340E-03
+98.0000E-09,+656.8165756762E-03
+98.5000E-09,+656.8165756762E-03
+99.0000E-09,+656.8165756762E-03
+99.5000E-09,+656.8165756762E-03
+100.0000E-09,+656.8165756762E-03
+100.5000E-09,+656.8165756762E-03
+101.0000E-09,+656.8165756762E-03
+101.5000E-09,+656.8165756762E-03
+102.0000E-09,+656.8165756762E-03
+102.5000E-09,+656.8165756762E-03
+103.0000E-09,+656.8165756762E-03
+103.5000E-09,+656.8165756762E-03
+104.0000E-09,+656.8165756762E-03
+104.5000E-09,+646.7663245276E-03
+105.0000E-09,+636.7160733789E-03
+105.5000E-09,+636.7160733789E-03
+106.0000E-09,+636.7160733789E-03
+106.5000E-09,+636.7160733789E-03
+107.0000E-09,+636.7160733789E-03
+107.5000E-09,+636.7160733789E-03
+108.0000E-09,+636.7160733789E-03
+108.5000E-09,+645.5100431340E-03
+109.0000E-09,+656.8165756762E-03
+109.5000E-09,+656.8165756762E-03
+110.0000E-09,+656.8165756762E-03
+110.5000E-09,+656.8165756762E-03
+111.0000E-09,+656.8165756762E-03
+111.5000E-09,+656.8165756762E-03
+112.0000E-09,+656.8165756762E-03
+112.5000E-09,+656.8165756762E-03
+113.0000E-09,+656.8165756762E-03
+113.5000E-09,+656.8165756762E-03
+114.0000E-09,+656.8165756762E-03
+114.5000E-09,+656.8165756762E-03
+115.0000E-09,+656.8165756762E-03
+115.5000E-09,+646.7663245276E-03
+116.0000E-09,+636.7160733789E-03
+116.5000E-09,+636.7160733789E-03
+117.0000E-09,+636.7160733789E-03
+117.5000E-09,+645.5100431340E-03
+118.0000E-09,+656.8165756762E-03
+118.5000E-09,+656.8165756762E-03
+119.0000E-09,+656.8165756762E-03
+119.5000E-09,+656.8165756762E-03
+120.0000E-09,+656.8165756762E-03
+120.5000E-09,+656.8165756762E-03
+121.0000E-09,+656.8165756762E-03
+121.5000E-09,+656.8165756762E-03
+122.0000E-09,+656.8165756762E-03
+122.5000E-09,+656.8165756762E-03
+123.0000E-09,+656.8165756762E-03
+123.5000E-09,+656.8165756762E-03
+124.0000E-09,+656.8165756762E-03
+124.5000E-09,+656.8165756762E-03
+125.0000E-09,+646.7663245276E-03
+125.5000E-09,+636.7160733789E-03
+126.0000E-09,+636.7160733789E-03
+126.5000E-09,+636.7160733789E-03
+127.0000E-09,+636.7160733789E-03
+127.5000E-09,+636.7160733789E-03
+128.0000E-09,+636.7160733789E-03
+128.5000E-09,+636.7160733789E-03
+129.0000E-09,+636.7160733789E-03
+129.5000E-09,+636.7160733789E-03
+130.0000E-09,+645.5100431340E-03
+130.5000E-09,+656.8165756762E-03
+131.0000E-09,+656.8165756762E-03
+131.5000E-09,+656.8165756762E-03
+132.0000E-09,+656.8165756762E-03
+132.5000E-09,+656.8165756762E-03
+133.0000E-09,+656.8165756762E-03
+133.5000E-09,+656.8165756762E-03
+134.0000E-09,+656.8165756762E-03
+134.5000E-09,+656.8165756762E-03
+135.0000E-09,+656.8165756762E-03
+135.5000E-09,+656.8165756762E-03
+136.0000E-09,+656.8165756762E-03
+136.5000E-09,+656.8165756762E-03
+137.0000E-09,+646.7663245276E-03
+137.5000E-09,+645.5100431340E-03
+138.0000E-09,+656.8165756762E-03
+138.5000E-09,+656.8165756762E-03
+139.0000E-09,+656.8165756762E-03
+139.5000E-09,+656.8165756762E-03
+140.0000E-09,+656.8165756762E-03
+140.5000E-09,+656.8165756762E-03
+141.0000E-09,+656.8165756762E-03
+141.5000E-09,+656.8165756762E-03
+142.0000E-09,+656.8165756762E-03
+142.5000E-09,+656.8165756762E-03
+143.0000E-09,+656.8165756762E-03
+143.5000E-09,+656.8165756762E-03
+144.0000E-09,+646.7663245276E-03
+144.5000E-09,+636.7160733789E-03
+145.0000E-09,+636.7160733789E-03
+145.5000E-09,+626.6658222303E-03
+146.0000E-09,+616.6155710816E-03
+146.5000E-09,+606.5653199330E-03
+147.0000E-09,+596.5150687844E-03
+147.5000E-09,+586.4648176357E-03
+148.0000E-09,+576.4145664871E-03
+148.5000E-09,+566.3643153384E-03
+149.0000E-09,+556.3140641898E-03
+149.5000E-09,+556.3140641898E-03
+150.0000E-09,+546.2638130412E-03
+150.5000E-09,+536.2135618925E-03
+151.0000E-09,+536.2135618925E-03
+151.5000E-09,+526.1633107439E-03
+152.0000E-09,+516.1130595952E-03
+152.5000E-09,+506.0628084466E-03
+153.0000E-09,+485.9623061493E-03
+153.5000E-09,+475.9120550007E-03
+154.0000E-09,+465.8618038520E-03
+154.5000E-09,+445.7613015547E-03
+155.0000E-09,+435.7110504061E-03
+155.5000E-09,+425.6607992575E-03
+156.0000E-09,+405.5602969602E-03
+156.5000E-09,+385.4597946629E-03
+157.0000E-09,+365.3592923656E-03
+157.5000E-09,+345.2587900683E-03
+158.0000E-09,+325.1582877710E-03
+158.5000E-09,+305.0577854738E-03
+159.0000E-09,+295.0075343251E-03
+159.5000E-09,+284.9572831765E-03
+160.0000E-09,+264.8567808792E-03
+160.5000E-09,+244.7562785819E-03
+161.0000E-09,+234.7060274333E-03
+161.5000E-09,+224.6557762846E-03
+162.0000E-09,+214.6055251360E-03
+162.5000E-09,+214.6055251360E-03
+163.0000E-09,+204.5552739874E-03
+163.5000E-09,+194.5050228387E-03
+164.0000E-09,+184.4547716901E-03
+164.5000E-09,+174.4045205414E-03
+165.0000E-09,+164.3542693928E-03
+165.5000E-09,+154.3040182441E-03
+166.0000E-09,+144.2537670955E-03
+166.5000E-09,+124.1532647982E-03
+167.0000E-09,+114.1030136496E-03
+167.5000E-09,+104.0527625009E-03
+168.0000E-09,+94.0025113523E-03
+168.5000E-09,+83.9522602037E-03
+169.0000E-09,+73.9020090550E-03
+169.5000E-09,+73.9020090550E-03
+170.0000E-09,+73.9020090550E-03
+170.5000E-09,+73.9020090550E-03
+171.0000E-09,+73.9020090550E-03
+171.5000E-09,+73.9020090550E-03
+172.0000E-09,+73.9020090550E-03
+172.5000E-09,+73.9020090550E-03
+173.0000E-09,+73.9020090550E-03
+173.5000E-09,+73.9020090550E-03
+174.0000E-09,+73.9020090550E-03
+174.5000E-09,+73.9020090550E-03
+175.0000E-09,+73.9020090550E-03
+175.5000E-09,+73.9020090550E-03
+176.0000E-09,+73.9020090550E-03
+176.5000E-09,+63.8517579064E-03
+177.0000E-09,+53.8015067577E-03
+177.5000E-09,+53.8015067577E-03
+178.0000E-09,+53.8015067577E-03
+178.5000E-09,+43.7512556091E-03
+179.0000E-09,+33.7010044605E-03
+179.5000E-09,+33.7010044605E-03
+180.0000E-09,+33.7010044605E-03
+180.5000E-09,+33.7010044605E-03
+181.0000E-09,+33.7010044605E-03
+181.5000E-09,+33.7010044605E-03
+182.0000E-09,+33.7010044605E-03
+182.5000E-09,+33.7010044605E-03
+183.0000E-09,+33.7010044605E-03
+183.5000E-09,+33.7010044605E-03
+184.0000E-09,+33.7010044605E-03
+184.5000E-09,+33.7010044605E-03
+185.0000E-09,+42.4949742155E-03
+185.5000E-09,+53.8015067577E-03
+186.0000E-09,+53.8015067577E-03
+186.5000E-09,+43.7512556091E-03
+187.0000E-09,+33.7010044605E-03
+187.5000E-09,+33.7010044605E-03
+188.0000E-09,+33.7010044605E-03
+188.5000E-09,+33.7010044605E-03
+189.0000E-09,+23.6507533118E-03
+189.5000E-09,+13.6005021632E-03
+190.0000E-09,+13.6005021632E-03
+190.5000E-09,+13.6005021632E-03
+191.0000E-09,+13.6005021632E-03
+191.5000E-09,+13.6005021632E-03
+192.0000E-09,+13.6005021632E-03
+192.5000E-09,+13.6005021632E-03
+193.0000E-09,+13.6005021632E-03
+193.5000E-09,+13.6005021632E-03
+194.0000E-09,+23.6507533118E-03
+194.5000E-09,+33.7010044605E-03
+195.0000E-09,+33.7010044605E-03
+195.5000E-09,+33.7010044605E-03
+196.0000E-09,+33.7010044605E-03
+196.5000E-09,+33.7010044605E-03
+197.0000E-09,+33.7010044605E-03
+197.5000E-09,+33.7010044605E-03
+198.0000E-09,+33.7010044605E-03
+198.5000E-09,+22.3944719182E-03
+199.0000E-09,+13.6005021632E-03
+199.5000E-09,+13.6005021632E-03
+200.0000E-09,+13.6005021632E-03
+200.5000E-09,+13.6005021632E-03
+201.0000E-09,+13.6005021632E-03
+201.5000E-09,+13.6005021632E-03
+202.0000E-09,+13.6005021632E-03
+202.5000E-09,+13.6005021632E-03
+203.0000E-09,+13.6005021632E-03
+203.5000E-09,+13.6005021632E-03
+204.0000E-09,+13.6005021632E-03
+204.5000E-09,+13.6005021632E-03
+205.0000E-09,+23.6507533118E-03
+205.5000E-09,+33.7010044605E-03
+206.0000E-09,+33.7010044605E-03
+206.5000E-09,+33.7010044605E-03
+207.0000E-09,+33.7010044605E-03
+207.5000E-09,+33.7010044605E-03
+208.0000E-09,+33.7010044605E-03
+208.5000E-09,+33.7010044605E-03
+209.0000E-09,+33.7010044605E-03
+209.5000E-09,+33.7010044605E-03
+210.0000E-09,+22.3944719182E-03
+210.5000E-09,+13.6005021632E-03
+211.0000E-09,+13.6005021632E-03
+211.5000E-09,+13.6005021632E-03
+212.0000E-09,+13.6005021632E-03
+212.5000E-09,+13.6005021632E-03
+213.0000E-09,+13.6005021632E-03
+213.5000E-09,+13.6005021632E-03
+214.0000E-09,+13.6005021632E-03
+214.5000E-09,+13.6005021632E-03
+215.0000E-09,+23.6507533118E-03
+215.5000E-09,+33.7010044605E-03
+216.0000E-09,+33.7010044605E-03
+216.5000E-09,+33.7010044605E-03
+217.0000E-09,+33.7010044605E-03
+217.5000E-09,+33.7010044605E-03
+218.0000E-09,+33.7010044605E-03
+218.5000E-09,+33.7010044605E-03
+219.0000E-09,+33.7010044605E-03
+219.5000E-09,+33.7010044605E-03
+220.0000E-09,+22.3944719182E-03
+220.5000E-09,+13.6005021632E-03
+221.0000E-09,+13.6005021632E-03
+221.5000E-09,+13.6005021632E-03
+222.0000E-09,+13.6005021632E-03
+222.5000E-09,+2.2939696210E-03
+223.0000E-09,-6.5000001341E-03
+223.5000E-09,+3.5502510145E-03
+224.0000E-09,+13.6005021632E-03
+224.5000E-09,+13.6005021632E-03
+225.0000E-09,+13.6005021632E-03
+225.5000E-09,+13.6005021632E-03
+226.0000E-09,+13.6005021632E-03
+226.5000E-09,+23.6507533118E-03
+227.0000E-09,+33.7010044605E-03
+227.5000E-09,+33.7010044605E-03
+228.0000E-09,+33.7010044605E-03
+228.5000E-09,+33.7010044605E-03
+229.0000E-09,+33.7010044605E-03
+229.5000E-09,+22.3944719182E-03
+230.0000E-09,+13.6005021632E-03
+230.5000E-09,+13.6005021632E-03
+231.0000E-09,+13.6005021632E-03
+231.5000E-09,+2.2939696210E-03
+232.0000E-09,-6.5000001341E-03
+232.5000E-09,-6.5000001341E-03
+233.0000E-09,-6.5000001341E-03
+233.5000E-09,-6.5000001341E-03
+234.0000E-09,-6.5000001341E-03
+234.5000E-09,-6.5000001341E-03
+235.0000E-09,-6.5000001341E-03
+235.5000E-09,+3.5502510145E-03
+236.0000E-09,+13.6005021632E-03
+236.5000E-09,+13.6005021632E-03
+237.0000E-09,+13.6005021632E-03
+237.5000E-09,+13.6005021632E-03
+238.0000E-09,+23.6507533118E-03
+238.5000E-09,+33.7010044605E-03
+239.0000E-09,+22.3944719182E-03
+239.5000E-09,+13.6005021632E-03
+240.0000E-09,+13.6005021632E-03
+240.5000E-09,+13.6005021632E-03
+241.0000E-09,+13.6005021632E-03
+241.5000E-09,+13.6005021632E-03
+242.0000E-09,+13.6005021632E-03
+242.5000E-09,+13.6005021632E-03
+243.0000E-09,+13.6005021632E-03
+243.5000E-09,+13.6005021632E-03
+244.0000E-09,+13.6005021632E-03
+244.5000E-09,+13.6005021632E-03
+245.0000E-09,+13.6005021632E-03
+245.5000E-09,+13.6005021632E-03
+246.0000E-09,+13.6005021632E-03
+246.5000E-09,+13.6005021632E-03
+247.0000E-09,+13.6005021632E-03
+247.5000E-09,+13.6005021632E-03
+248.0000E-09,+13.6005021632E-03
+248.5000E-09,+13.6005021632E-03
+249.0000E-09,+23.6507533118E-03
+249.5000E-09,+33.7010044605E-03
+250.0000E-09,+33.7010044605E-03
+250.5000E-09,+22.3944719182E-03
+251.0000E-09,+13.6005021632E-03
+251.5000E-09,+13.6005021632E-03
+252.0000E-09,+13.6005021632E-03
+252.5000E-09,+13.6005021632E-03
+253.0000E-09,+13.6005021632E-03
+253.5000E-09,+2.2939696210E-03
+254.0000E-09,-6.5000001341E-03
+254.5000E-09,-6.5000001341E-03
+255.0000E-09,-6.5000001341E-03
+255.5000E-09,-6.5000001341E-03
+256.0000E-09,+3.5502510145E-03
+256.5000E-09,+13.6005021632E-03
+257.0000E-09,+13.6005021632E-03
+257.5000E-09,+13.6005021632E-03
+258.0000E-09,+13.6005021632E-03
+258.5000E-09,+13.6005021632E-03
+259.0000E-09,+23.6507533118E-03
+259.5000E-09,+33.7010044605E-03
+260.0000E-09,+33.7010044605E-03
+260.5000E-09,+33.7010044605E-03
+261.0000E-09,+22.3944719182E-03
+261.5000E-09,+13.6005021632E-03
+262.0000E-09,+13.6005021632E-03
+262.5000E-09,+13.6005021632E-03
+263.0000E-09,+13.6005021632E-03
+263.5000E-09,+13.6005021632E-03
+264.0000E-09,+13.6005021632E-03
+264.5000E-09,+13.6005021632E-03
+265.0000E-09,+13.6005021632E-03
+265.5000E-09,+13.6005021632E-03
+266.0000E-09,+13.6005021632E-03
+266.5000E-09,+13.6005021632E-03
+267.0000E-09,+13.6005021632E-03
+267.5000E-09,+13.6005021632E-03
+268.0000E-09,+13.6005021632E-03
+268.5000E-09,+23.6507533118E-03
+269.0000E-09,+33.7010044605E-03
+269.5000E-09,+33.7010044605E-03
+270.0000E-09,+33.7010044605E-03
+270.5000E-09,+33.7010044605E-03
+271.0000E-09,+33.7010044605E-03
+271.5000E-09,+33.7010044605E-03
+272.0000E-09,+33.7010044605E-03
+272.5000E-09,+33.7010044605E-03
+273.0000E-09,+33.7010044605E-03
+273.5000E-09,+23.6507533118E-03
+274.0000E-09,+13.6005021632E-03
+274.5000E-09,+13.6005021632E-03
+275.0000E-09,+13.6005021632E-03
+275.5000E-09,+13.6005021632E-03
+276.0000E-09,+13.6005021632E-03
+276.5000E-09,+13.6005021632E-03
+277.0000E-09,+13.6005021632E-03
+277.5000E-09,+13.6005021632E-03
+278.0000E-09,+13.6005021632E-03
+278.5000E-09,+13.6005021632E-03
+279.0000E-09,+13.6005021632E-03
+279.5000E-09,+13.6005021632E-03
+280.0000E-09,+13.6005021632E-03
+280.5000E-09,+13.6005021632E-03
+281.0000E-09,+13.6005021632E-03
+281.5000E-09,+13.6005021632E-03
+282.0000E-09,+13.6005021632E-03
+282.5000E-09,+13.6005021632E-03
+283.0000E-09,+3.5502510145E-03
+283.5000E-09,-6.5000001341E-03
+284.0000E-09,-15.2939698892E-03
+284.5000E-09,-26.6005024314E-03
+285.0000E-09,-26.6005024314E-03
+285.5000E-09,-35.3944721865E-03
+286.0000E-09,-46.7010047287E-03
+286.5000E-09,-55.4949744837E-03
+287.0000E-09,-66.8015070260E-03
+287.5000E-09,-75.5954767810E-03
+288.0000E-09,-86.9020093232E-03
+288.5000E-09,-95.6959790783E-03
+289.0000E-09,-107.0025116205E-03
+289.5000E-09,-115.7964813756E-03
+290.0000E-09,-127.1030139178E-03
+290.5000E-09,-135.8969836729E-03
+291.0000E-09,-147.2035162151E-03
+291.5000E-09,-155.9974859701E-03
+292.0000E-09,-176.0979882674E-03
+292.5000E-09,-196.1984905647E-03
+293.0000E-09,-216.2989928620E-03
+293.5000E-09,-236.3994951593E-03
+294.0000E-09,-256.4999974566E-03
+294.5000E-09,-276.6004997538E-03
+295.0000E-09,-296.7010020511E-03
+295.5000E-09,-316.8015043484E-03
+296.0000E-09,-336.9020066457E-03
+296.5000E-09,-357.0025089430E-03
+297.0000E-09,-368.3090414852E-03
+297.5000E-09,-377.1030112403E-03
+298.0000E-09,-397.2035135375E-03
+298.5000E-09,-417.3040158348E-03
+299.0000E-09,-428.6105483770E-03
+299.5000E-09,-437.4045181321E-03
+300.0000E-09,-457.5050204294E-03
+300.5000E-09,-468.8115529716E-03
+301.0000E-09,-477.6055227267E-03
+301.5000E-09,-488.9120552689E-03
+302.0000E-09,-497.7060250239E-03
+302.5000E-09,-517.8065273212E-03
+303.0000E-09,-529.1130598634E-03
+303.5000E-09,-537.9070296185E-03
+304.0000E-09,-549.2135621607E-03
+304.5000E-09,-558.0075319158E-03
+305.0000E-09,-578.1080342131E-03
+305.5000E-09,-589.4145667553E-03
+306.0000E-09,-598.2085365104E-03
+306.5000E-09,-609.5150690526E-03
+307.0000E-09,-618.3090388076E-03
+307.5000E-09,-629.6155713499E-03
+308.0000E-09,-629.6155713499E-03
+308.5000E-09,-629.6155713499E-03
+309.0000E-09,-629.6155713499E-03
+309.5000E-09,-629.6155713499E-03
+310.0000E-09,-629.6155713499E-03
+310.5000E-09,-629.6155713499E-03
+311.0000E-09,-629.6155713499E-03
+311.5000E-09,-619.5653202012E-03
+312.0000E-09,-609.5150690526E-03
+312.5000E-09,-609.5150690526E-03
+313.0000E-09,-609.5150690526E-03
+313.5000E-09,-609.5150690526E-03
+314.0000E-09,-609.5150690526E-03
+314.5000E-09,-618.3090388076E-03
+315.0000E-09,-629.6155713499E-03
+315.5000E-09,-629.6155713499E-03
+316.0000E-09,-629.6155713499E-03
+316.5000E-09,-629.6155713499E-03
+317.0000E-09,-629.6155713499E-03
+317.5000E-09,-629.6155713499E-03
+318.0000E-09,-629.6155713499E-03
+318.5000E-09,-638.4095411049E-03
+319.0000E-09,-639.6658224985E-03
+319.5000E-09,-629.6155713499E-03
+320.0000E-09,-629.6155713499E-03
+320.5000E-09,-629.6155713499E-03
+321.0000E-09,-629.6155713499E-03
+321.5000E-09,-629.6155713499E-03
+322.0000E-09,-629.6155713499E-03
+322.5000E-09,-629.6155713499E-03
+323.0000E-09,-629.6155713499E-03
+323.5000E-09,-619.5653202012E-03
+324.0000E-09,-618.3090388076E-03
+324.5000E-09,-629.6155713499E-03
+325.0000E-09,-629.6155713499E-03
+325.5000E-09,-629.6155713499E-03
+326.0000E-09,-629.6155713499E-03
+326.5000E-09,-638.4095411049E-03
+327.0000E-09,-649.7160736471E-03
+327.5000E-09,-649.7160736471E-03
+328.0000E-09,-649.7160736471E-03
+328.5000E-09,-649.7160736471E-03
+329.0000E-09,-649.7160736471E-03
+329.5000E-09,-649.7160736471E-03
+330.0000E-09,-649.7160736471E-03
+330.5000E-09,-649.7160736471E-03
+331.0000E-09,-649.7160736471E-03
+331.5000E-09,-649.7160736471E-03
+332.0000E-09,-649.7160736471E-03
+332.5000E-09,-649.7160736471E-03
+333.0000E-09,-649.7160736471E-03
+333.5000E-09,-649.7160736471E-03
+334.0000E-09,-649.7160736471E-03
+334.5000E-09,-649.7160736471E-03
+335.0000E-09,-649.7160736471E-03
+335.5000E-09,-649.7160736471E-03
+336.0000E-09,-649.7160736471E-03
+336.5000E-09,-649.7160736471E-03
+337.0000E-09,-649.7160736471E-03
+337.5000E-09,-658.5100434022E-03
+338.0000E-09,-669.8165759444E-03
+338.5000E-09,-669.8165759444E-03
+339.0000E-09,-669.8165759444E-03
+339.5000E-09,-669.8165759444E-03
+340.0000E-09,-669.8165759444E-03
+340.5000E-09,-669.8165759444E-03
+341.0000E-09,-669.8165759444E-03
+341.5000E-09,-659.7663247958E-03
+342.0000E-09,-649.7160736471E-03
+342.5000E-09,-649.7160736471E-03
+343.0000E-09,-649.7160736471E-03
+343.5000E-09,-649.7160736471E-03
+344.0000E-09,-649.7160736471E-03
+344.5000E-09,-649.7160736471E-03
+345.0000E-09,-649.7160736471E-03
+345.5000E-09,-649.7160736471E-03
+346.0000E-09,-649.7160736471E-03
+346.5000E-09,-649.7160736471E-03
+347.0000E-09,-649.7160736471E-03
+347.5000E-09,-649.7160736471E-03
+348.0000E-09,-658.5100434022E-03
+348.5000E-09,-669.8165759444E-03
+349.0000E-09,-669.8165759444E-03
+349.5000E-09,-669.8165759444E-03
+350.0000E-09,-669.8165759444E-03
+350.5000E-09,-669.8165759444E-03
+351.0000E-09,-669.8165759444E-03
+351.5000E-09,-669.8165759444E-03
+352.0000E-09,-669.8165759444E-03
+352.5000E-09,-669.8165759444E-03
+353.0000E-09,-659.7663247958E-03
+353.5000E-09,-649.7160736471E-03
+354.0000E-09,-649.7160736471E-03
+354.5000E-09,-649.7160736471E-03
+355.0000E-09,-649.7160736471E-03
+355.5000E-09,-649.7160736471E-03
+356.0000E-09,-649.7160736471E-03
+356.5000E-09,-649.7160736471E-03
+357.0000E-09,-649.7160736471E-03
+357.5000E-09,-658.5100434022E-03
+358.0000E-09,-669.8165759444E-03
+358.5000E-09,-669.8165759444E-03
+359.0000E-09,-669.8165759444E-03
+359.5000E-09,-669.8165759444E-03
+360.0000E-09,-669.8165759444E-03
+360.5000E-09,-669.8165759444E-03
+361.0000E-09,-678.6105456995E-03
+361.5000E-09,-689.9170782417E-03
+362.0000E-09,-679.8668270931E-03
+362.5000E-09,-669.8165759444E-03
+363.0000E-09,-669.8165759444E-03
+363.5000E-09,-669.8165759444E-03
+364.0000E-09,-669.8165759444E-03
+364.5000E-09,-669.8165759444E-03
+365.0000E-09,-659.7663247958E-03
+365.5000E-09,-649.7160736471E-03
+366.0000E-09,-649.7160736471E-03
+366.5000E-09,-649.7160736471E-03
+367.0000E-09,-649.7160736471E-03
+367.5000E-09,-658.5100434022E-03
+368.0000E-09,-669.8165759444E-03
+368.5000E-09,-669.8165759444E-03
+369.0000E-09,-669.8165759444E-03
+369.5000E-09,-669.8165759444E-03
+370.0000E-09,-669.8165759444E-03
+370.5000E-09,-669.8165759444E-03
+371.0000E-09,-678.6105456995E-03
+371.5000E-09,-679.8668270931E-03
+372.0000E-09,-678.6105456995E-03
+372.5000E-09,-679.8668270931E-03
+373.0000E-09,-669.8165759444E-03
+373.5000E-09,-669.8165759444E-03
+374.0000E-09,-669.8165759444E-03
+374.5000E-09,-669.8165759444E-03
+375.0000E-09,-669.8165759444E-03
+375.5000E-09,-669.8165759444E-03
+376.0000E-09,-669.8165759444E-03
+376.5000E-09,-669.8165759444E-03
+377.0000E-09,-669.8165759444E-03
+377.5000E-09,-669.8165759444E-03
+378.0000E-09,-669.8165759444E-03
+378.5000E-09,-669.8165759444E-03
+379.0000E-09,-669.8165759444E-03
+379.5000E-09,-669.8165759444E-03
+380.0000E-09,-669.8165759444E-03
+380.5000E-09,-678.6105456995E-03
+381.0000E-09,-689.9170782417E-03
+381.5000E-09,-689.9170782417E-03
+382.0000E-09,-689.9170782417E-03
+382.5000E-09,-689.9170782417E-03
+383.0000E-09,-689.9170782417E-03
+383.5000E-09,-689.9170782417E-03
+384.0000E-09,-689.9170782417E-03
+384.5000E-09,-679.8668270931E-03
+385.0000E-09,-669.8165759444E-03
+385.5000E-09,-669.8165759444E-03
+386.0000E-09,-669.8165759444E-03
+386.5000E-09,-669.8165759444E-03
+387.0000E-09,-669.8165759444E-03
+387.5000E-09,-669.8165759444E-03
+388.0000E-09,-669.8165759444E-03
+388.5000E-09,-669.8165759444E-03
+389.0000E-09,-669.8165759444E-03
+389.5000E-09,-669.8165759444E-03
+390.0000E-09,-669.8165759444E-03
+390.5000E-09,-678.6105456995E-03
+391.0000E-09,-689.9170782417E-03
+391.5000E-09,-689.9170782417E-03
+392.0000E-09,-689.9170782417E-03
+392.5000E-09,-689.9170782417E-03
+393.0000E-09,-689.9170782417E-03
+393.5000E-09,-689.9170782417E-03
+394.0000E-09,-689.9170782417E-03
+394.5000E-09,-689.9170782417E-03
+395.0000E-09,-689.9170782417E-03
+395.5000E-09,-679.8668270931E-03
+396.0000E-09,-669.8165759444E-03
+396.5000E-09,-669.8165759444E-03
+397.0000E-09,-669.8165759444E-03
+397.5000E-09,-669.8165759444E-03
+398.0000E-09,-669.8165759444E-03
+398.5000E-09,-669.8165759444E-03
+399.0000E-09,-669.8165759444E-03
+399.5000E-09,-669.8165759444E-03
+400.0000E-09,-669.8165759444E-03
+400.5000E-09,-669.8165759444E-03
+401.0000E-09,-678.6105456995E-03
+401.5000E-09,-689.9170782417E-03
+402.0000E-09,-689.9170782417E-03
+402.5000E-09,-689.9170782417E-03
+403.0000E-09,-689.9170782417E-03
+403.5000E-09,-689.9170782417E-03
+404.0000E-09,-689.9170782417E-03
+404.5000E-09,-689.9170782417E-03
+405.0000E-09,-689.9170782417E-03
+405.5000E-09,-689.9170782417E-03
+406.0000E-09,-689.9170782417E-03
+406.5000E-09,-689.9170782417E-03
+407.0000E-09,-679.8668270931E-03
+407.5000E-09,-669.8165759444E-03
+408.0000E-09,-669.8165759444E-03
+408.5000E-09,-669.8165759444E-03
+409.0000E-09,-669.8165759444E-03
+409.5000E-09,-669.8165759444E-03
+410.0000E-09,-669.8165759444E-03
+410.5000E-09,-669.8165759444E-03
+411.0000E-09,-669.8165759444E-03
+411.5000E-09,-669.8165759444E-03
+412.0000E-09,-669.8165759444E-03
+412.5000E-09,-678.6105456995E-03
+413.0000E-09,-689.9170782417E-03
+413.5000E-09,-689.9170782417E-03
+414.0000E-09,-689.9170782417E-03
+414.5000E-09,-689.9170782417E-03
+415.0000E-09,-689.9170782417E-03
+415.5000E-09,-689.9170782417E-03
+416.0000E-09,-679.8668270931E-03
+416.5000E-09,-669.8165759444E-03
+417.0000E-09,-669.8165759444E-03
+417.5000E-09,-669.8165759444E-03
+418.0000E-09,-669.8165759444E-03
+418.5000E-09,-669.8165759444E-03
+419.0000E-09,-669.8165759444E-03
+419.5000E-09,-669.8165759444E-03
+420.0000E-09,-669.8165759444E-03
+420.5000E-09,-669.8165759444E-03
+421.0000E-09,-669.8165759444E-03
+421.5000E-09,-678.6105456995E-03
+422.0000E-09,-689.9170782417E-03
+422.5000E-09,-689.9170782417E-03
+423.0000E-09,-689.9170782417E-03
+423.5000E-09,-689.9170782417E-03
+424.0000E-09,-689.9170782417E-03
+424.5000E-09,-689.9170782417E-03
+425.0000E-09,-689.9170782417E-03
+425.5000E-09,-689.9170782417E-03
+426.0000E-09,-679.8668270931E-03
+426.5000E-09,-669.8165759444E-03
+427.0000E-09,-669.8165759444E-03
+427.5000E-09,-669.8165759444E-03
+428.0000E-09,-669.8165759444E-03
+428.5000E-09,-669.8165759444E-03
+429.0000E-09,-669.8165759444E-03
+429.5000E-09,-669.8165759444E-03
+430.0000E-09,-669.8165759444E-03
+430.5000E-09,-669.8165759444E-03
+431.0000E-09,-669.8165759444E-03
+431.5000E-09,-669.8165759444E-03
+432.0000E-09,-669.8165759444E-03
+432.5000E-09,-678.6105456995E-03
+433.0000E-09,-689.9170782417E-03
+433.5000E-09,-689.9170782417E-03
+434.0000E-09,-689.9170782417E-03
+434.5000E-09,-689.9170782417E-03
+435.0000E-09,-689.9170782417E-03
+435.5000E-09,-689.9170782417E-03
+436.0000E-09,-689.9170782417E-03
+436.5000E-09,-689.9170782417E-03
+437.0000E-09,-689.9170782417E-03
+437.5000E-09,-689.9170782417E-03
+438.0000E-09,-689.9170782417E-03
+438.5000E-09,-679.8668270931E-03
+439.0000E-09,-669.8165759444E-03
+439.5000E-09,-669.8165759444E-03
+440.0000E-09,-669.8165759444E-03
+440.5000E-09,-669.8165759444E-03
+441.0000E-09,-669.8165759444E-03
+441.5000E-09,-669.8165759444E-03
+442.0000E-09,-669.8165759444E-03
+442.5000E-09,-669.8165759444E-03
+443.0000E-09,-669.8165759444E-03
+443.5000E-09,-669.8165759444E-03
+444.0000E-09,-669.8165759444E-03
+444.5000E-09,-669.8165759444E-03
+445.0000E-09,-669.8165759444E-03
+445.5000E-09,-659.7663247958E-03
+446.0000E-09,-649.7160736471E-03
+446.5000E-09,-649.7160736471E-03
+447.0000E-09,-639.6658224985E-03
+447.5000E-09,-629.6155713499E-03
+448.0000E-09,-619.5653202012E-03
+448.5000E-09,-609.5150690526E-03
+449.0000E-09,-599.4648179039E-03
+449.5000E-09,-579.3643156067E-03
+450.0000E-09,-569.3140644580E-03
+450.5000E-09,-559.2638133094E-03
+451.0000E-09,-549.2135621607E-03
+451.5000E-09,-539.1633110121E-03
+452.0000E-09,-519.0628087148E-03
+452.5000E-09,-509.0125575662E-03
+453.0000E-09,-498.9623064175E-03
+453.5000E-09,-488.9120552689E-03
+454.0000E-09,-478.8618041202E-03
+454.5000E-09,-468.8115529716E-03
+455.0000E-09,-458.7613018230E-03
+455.5000E-09,-448.7110506743E-03
+456.0000E-09,-438.6607995257E-03
+456.5000E-09,-418.5602972284E-03
+457.0000E-09,-408.5100460798E-03
+457.5000E-09,-398.4597949311E-03
+458.0000E-09,-378.3592926338E-03
+458.5000E-09,-358.2587903365E-03
+459.0000E-09,-338.1582880393E-03
+459.5000E-09,-328.1080368906E-03
+460.0000E-09,-318.0577857420E-03
+460.5000E-09,-297.9572834447E-03
+461.0000E-09,-287.9070322961E-03
+461.5000E-09,-277.8567811474E-03
+462.0000E-09,-257.7562788501E-03
+462.5000E-09,-247.7060277015E-03
+463.0000E-09,-237.6557765529E-03
+463.5000E-09,-227.6055254042E-03
+464.0000E-09,-217.5552742556E-03
+464.5000E-09,-207.5050231069E-03
+465.0000E-09,-197.4547719583E-03
+465.5000E-09,-187.4045208097E-03
+466.0000E-09,-187.4045208097E-03
+466.5000E-09,-177.3542696610E-03
+467.0000E-09,-167.3040185124E-03
+467.5000E-09,-167.3040185124E-03
+468.0000E-09,-157.2537673637E-03
+468.5000E-09,-147.2035162151E-03
+469.0000E-09,-147.2035162151E-03
+469.5000E-09,-137.1532650664E-03
+470.0000E-09,-127.1030139178E-03
+470.5000E-09,-127.1030139178E-03
+471.0000E-09,-117.0527627692E-03
+471.5000E-09,-107.0025116205E-03
+472.0000E-09,-107.0025116205E-03
+472.5000E-09,-107.0025116205E-03
+473.0000E-09,-107.0025116205E-03
+473.5000E-09,-96.9522604719E-03
+474.0000E-09,-86.9020093232E-03
+474.5000E-09,-86.9020093232E-03
+475.0000E-09,-86.9020093232E-03
+475.5000E-09,-86.9020093232E-03
+476.0000E-09,-86.9020093232E-03
+476.5000E-09,-86.9020093232E-03
+477.0000E-09,-86.9020093232E-03
+477.5000E-09,-86.9020093232E-03
+478.0000E-09,-86.9020093232E-03
+478.5000E-09,-86.9020093232E-03
+479.0000E-09,-86.9020093232E-03
+479.5000E-09,-86.9020093232E-03
+480.0000E-09,-86.9020093232E-03
+480.5000E-09,-76.8517581746E-03
+481.0000E-09,-66.8015070260E-03
+481.5000E-09,-66.8015070260E-03
+482.0000E-09,-66.8015070260E-03
+482.5000E-09,-66.8015070260E-03
+483.0000E-09,-66.8015070260E-03
+483.5000E-09,-66.8015070260E-03
+484.0000E-09,-66.8015070260E-03
+484.5000E-09,-66.8015070260E-03
+485.0000E-09,-66.8015070260E-03
+485.5000E-09,-66.8015070260E-03
+486.0000E-09,-66.8015070260E-03
+486.5000E-09,-66.8015070260E-03
+487.0000E-09,-66.8015070260E-03
+487.5000E-09,-66.8015070260E-03
+488.0000E-09,-66.8015070260E-03
+488.5000E-09,-66.8015070260E-03
+489.0000E-09,-66.8015070260E-03
+489.5000E-09,-66.8015070260E-03
+490.0000E-09,-56.7512558773E-03
+490.5000E-09,-46.7010047287E-03
+491.0000E-09,-46.7010047287E-03
+491.5000E-09,-46.7010047287E-03
+492.0000E-09,-46.7010047287E-03
+492.5000E-09,-46.7010047287E-03
+493.0000E-09,-46.7010047287E-03
+493.5000E-09,-46.7010047287E-03
+494.0000E-09,-46.7010047287E-03
+494.5000E-09,-46.7010047287E-03
+495.0000E-09,-46.7010047287E-03
+495.5000E-09,-55.4949744837E-03
+496.0000E-09,-66.8015070260E-03
+496.5000E-09,-66.8015070260E-03
+497.0000E-09,-66.8015070260E-03
+497.5000E-09,-66.8015070260E-03
+498.0000E-09,-66.8015070260E-03
+498.5000E-09,-66.8015070260E-03
+499.0000E-09,-66.8015070260E-03
+499.5000E-09,-56.7512558773E-03
+500.0000E-09,-46.7010047287E-03
+500.5000E-09,-46.7010047287E-03
+501.0000E-09,-46.7010047287E-03
+501.5000E-09,-46.7010047287E-03
+502.0000E-09,-46.7010047287E-03
+502.5000E-09,-46.7010047287E-03
+503.0000E-09,-46.7010047287E-03
+503.5000E-09,-46.7010047287E-03
+504.0000E-09,-46.7010047287E-03
+504.5000E-09,-46.7010047287E-03
+505.0000E-09,-46.7010047287E-03
+505.5000E-09,-46.7010047287E-03
+506.0000E-09,-46.7010047287E-03
+506.5000E-09,-55.4949744837E-03
+507.0000E-09,-66.8015070260E-03
+507.5000E-09,-66.8015070260E-03
+508.0000E-09,-66.8015070260E-03
+508.5000E-09,-66.8015070260E-03
+509.0000E-09,-66.8015070260E-03
+509.5000E-09,-66.8015070260E-03
+510.0000E-09,-66.8015070260E-03
+510.5000E-09,-66.8015070260E-03
+511.0000E-09,-56.7512558773E-03
+511.5000E-09,-46.7010047287E-03
+512.0000E-09,-46.7010047287E-03
+512.5000E-09,-46.7010047287E-03
+513.0000E-09,-46.7010047287E-03
+513.5000E-09,-46.7010047287E-03
+514.0000E-09,-46.7010047287E-03
+514.5000E-09,-46.7010047287E-03
+515.0000E-09,-46.7010047287E-03
+515.5000E-09,-46.7010047287E-03
+516.0000E-09,-46.7010047287E-03
+516.5000E-09,-46.7010047287E-03
+517.0000E-09,-46.7010047287E-03
+517.5000E-09,-46.7010047287E-03
+518.0000E-09,-55.4949744837E-03
+518.5000E-09,-66.8015070260E-03
+519.0000E-09,-66.8015070260E-03
+519.5000E-09,-66.8015070260E-03
+520.0000E-09,-66.8015070260E-03
+520.5000E-09,-66.8015070260E-03
+521.0000E-09,-66.8015070260E-03
+521.5000E-09,-66.8015070260E-03
+522.0000E-09,-56.7512558773E-03
+522.5000E-09,-46.7010047287E-03
+523.0000E-09,-46.7010047287E-03
+523.5000E-09,-46.7010047287E-03
+524.0000E-09,-46.7010047287E-03
+524.5000E-09,-46.7010047287E-03
+525.0000E-09,-46.7010047287E-03
+525.5000E-09,-46.7010047287E-03
+526.0000E-09,-46.7010047287E-03
+526.5000E-09,-46.7010047287E-03
+527.0000E-09,-46.7010047287E-03
+527.5000E-09,-46.7010047287E-03
+528.0000E-09,-46.7010047287E-03
+528.5000E-09,-55.4949744837E-03
+529.0000E-09,-66.8015070260E-03
+529.5000E-09,-66.8015070260E-03
+530.0000E-09,-66.8015070260E-03
+530.5000E-09,-66.8015070260E-03
+531.0000E-09,-66.8015070260E-03
+531.5000E-09,-66.8015070260E-03
+532.0000E-09,-56.7512558773E-03
+532.5000E-09,-46.7010047287E-03
+533.0000E-09,-46.7010047287E-03
+533.5000E-09,-46.7010047287E-03
+534.0000E-09,-36.6507535800E-03
+534.5000E-09,-26.6005024314E-03
+535.0000E-09,-26.6005024314E-03
+535.5000E-09,-26.6005024314E-03
+536.0000E-09,-26.6005024314E-03
+536.5000E-09,-26.6005024314E-03
+537.0000E-09,-26.6005024314E-03
+537.5000E-09,-35.3944721865E-03
+538.0000E-09,-46.7010047287E-03
+538.5000E-09,-46.7010047287E-03
+539.0000E-09,-46.7010047287E-03
+539.5000E-09,-46.7010047287E-03
+540.0000E-09,-46.7010047287E-03
+540.5000E-09,-55.4949744837E-03
+541.0000E-09,-66.8015070260E-03
+541.5000E-09,-56.7512558773E-03
+542.0000E-09,-46.7010047287E-03
+542.5000E-09,-46.7010047287E-03
+543.0000E-09,-46.7010047287E-03
+543.5000E-09,-46.7010047287E-03
+544.0000E-09,-46.7010047287E-03
+544.5000E-09,-46.7010047287E-03
+545.0000E-09,-46.7010047287E-03
+545.5000E-09,-46.7010047287E-03
+546.0000E-09,-36.6507535800E-03
+546.5000E-09,-35.3944721865E-03
+547.0000E-09,-46.7010047287E-03
+547.5000E-09,-46.7010047287E-03
+548.0000E-09,-46.7010047287E-03
+548.5000E-09,-46.7010047287E-03
+549.0000E-09,-46.7010047287E-03
+549.5000E-09,-46.7010047287E-03
+550.0000E-09,-46.7010047287E-03
+550.5000E-09,-55.4949744837E-03
+551.0000E-09,-66.8015070260E-03
+551.5000E-09,-66.8015070260E-03
+552.0000E-09,-56.7512558773E-03
+552.5000E-09,-46.7010047287E-03
+553.0000E-09,-46.7010047287E-03
+553.5000E-09,-46.7010047287E-03
+554.0000E-09,-36.6507535800E-03
+554.5000E-09,-26.6005024314E-03
+555.0000E-09,-26.6005024314E-03
+555.5000E-09,-26.6005024314E-03
+556.0000E-09,-26.6005024314E-03
+556.5000E-09,-26.6005024314E-03
+557.0000E-09,-26.6005024314E-03
+557.5000E-09,-26.6005024314E-03
+558.0000E-09,-26.6005024314E-03
+558.5000E-09,-35.3944721865E-03
+559.0000E-09,-46.7010047287E-03
+559.5000E-09,-46.7010047287E-03
+560.0000E-09,-46.7010047287E-03
+560.5000E-09,-46.7010047287E-03
+561.0000E-09,-46.7010047287E-03
+561.5000E-09,-46.7010047287E-03
+562.0000E-09,-56.7512558773E-03
+562.5000E-09,-56.7512558773E-03
+563.0000E-09,-46.7010047287E-03
+563.5000E-09,-46.7010047287E-03
+564.0000E-09,-46.7010047287E-03
+564.5000E-09,-46.7010047287E-03
+565.0000E-09,-46.7010047287E-03
+565.5000E-09,-46.7010047287E-03
+566.0000E-09,-46.7010047287E-03
+566.5000E-09,-46.7010047287E-03
+567.0000E-09,-35.3944721865E-03
+567.5000E-09,-26.6005024314E-03
+568.0000E-09,-26.6005024314E-03
+568.5000E-09,-26.6005024314E-03
+569.0000E-09,-26.6005024314E-03
+569.5000E-09,-36.6507535800E-03
+570.0000E-09,-46.7010047287E-03
+570.5000E-09,-46.7010047287E-03
+571.0000E-09,-46.7010047287E-03
+571.5000E-09,-46.7010047287E-03
+572.0000E-09,-56.7512558773E-03
+572.5000E-09,-66.8015070260E-03
+573.0000E-09,-66.8015070260E-03
+573.5000E-09,-66.8015070260E-03
+574.0000E-09,-66.8015070260E-03
+574.5000E-09,-66.8015070260E-03
+575.0000E-09,-55.4949744837E-03
+575.5000E-09,-46.7010047287E-03
+576.0000E-09,-46.7010047287E-03
+576.5000E-09,-35.3944721865E-03
+577.0000E-09,-26.6005024314E-03
+577.5000E-09,-26.6005024314E-03
+578.0000E-09,-26.6005024314E-03
+578.5000E-09,-26.6005024314E-03
+579.0000E-09,-26.6005024314E-03
+579.5000E-09,-26.6005024314E-03
+580.0000E-09,-26.6005024314E-03
+580.5000E-09,-26.6005024314E-03
+581.0000E-09,-36.6507535800E-03
+581.5000E-09,-46.7010047287E-03
+582.0000E-09,-46.7010047287E-03
+582.5000E-09,-46.7010047287E-03
+583.0000E-09,-46.7010047287E-03
+583.5000E-09,-46.7010047287E-03
+584.0000E-09,-46.7010047287E-03
+584.5000E-09,-46.7010047287E-03
+585.0000E-09,-46.7010047287E-03
+585.5000E-09,-46.7010047287E-03
+586.0000E-09,-46.7010047287E-03
+586.5000E-09,-35.3944721865E-03
+587.0000E-09,-26.6005024314E-03
+587.5000E-09,-26.6005024314E-03
+588.0000E-09,-26.6005024314E-03
+588.5000E-09,-26.6005024314E-03
+589.0000E-09,-26.6005024314E-03
+589.5000E-09,-36.6507535800E-03
+590.0000E-09,-46.7010047287E-03
+590.5000E-09,-46.7010047287E-03
+591.0000E-09,-46.7010047287E-03
+591.5000E-09,-46.7010047287E-03
+592.0000E-09,-46.7010047287E-03
+592.5000E-09,-46.7010047287E-03
+593.0000E-09,-46.7010047287E-03
+593.5000E-09,-56.7512558773E-03
+594.0000E-09,-55.4949744837E-03
+594.5000E-09,-46.7010047287E-03
+595.0000E-09,-46.7010047287E-03
+595.5000E-09,-46.7010047287E-03
+596.0000E-09,-46.7010047287E-03
+596.5000E-09,-46.7010047287E-03
+597.0000E-09,-46.7010047287E-03
+597.5000E-09,-46.7010047287E-03
+598.0000E-09,-46.7010047287E-03
+598.5000E-09,-35.3944721865E-03
+599.0000E-09,-26.6005024314E-03
+599.5000E-09,-26.6005024314E-03
+600.0000E-09,-26.6005024314E-03
+600.5000E-09,-26.6005024314E-03
+601.0000E-09,-26.6005024314E-03
+601.5000E-09,-36.6507535800E-03
+602.0000E-09,-46.7010047287E-03
+602.5000E-09,-46.7010047287E-03
+603.0000E-09,-46.7010047287E-03
+603.5000E-09,-46.7010047287E-03
+604.0000E-09,-56.7512558773E-03
+604.5000E-09,-66.8015070260E-03
+605.0000E-09,-66.8015070260E-03
+605.5000E-09,-66.8015070260E-03
+606.0000E-09,-66.8015070260E-03
+606.5000E-09,-55.4949744837E-03
+607.0000E-09,-46.7010047287E-03
+607.5000E-09,-46.7010047287E-03
+608.0000E-09,-46.7010047287E-03
+608.5000E-09,-46.7010047287E-03
+609.0000E-09,-46.7010047287E-03
+609.5000E-09,-46.7010047287E-03
+610.0000E-09,-46.7010047287E-03
+610.5000E-09,-46.7010047287E-03
+611.0000E-09,-46.7010047287E-03
+611.5000E-09,-46.7010047287E-03
+612.0000E-09,-46.7010047287E-03
+612.5000E-09,-46.7010047287E-03
+613.0000E-09,-56.7512558773E-03
+613.5000E-09,-66.8015070260E-03
+614.0000E-09,-66.8015070260E-03
+614.5000E-09,-66.8015070260E-03
+615.0000E-09,-66.8015070260E-03
+615.5000E-09,-66.8015070260E-03
+616.0000E-09,-66.8015070260E-03
+616.5000E-09,-66.8015070260E-03
+617.0000E-09,-66.8015070260E-03
+617.5000E-09,-66.8015070260E-03
+618.0000E-09,-66.8015070260E-03
+618.5000E-09,-66.8015070260E-03
+619.0000E-09,-55.4949744837E-03
+619.5000E-09,-46.7010047287E-03
+620.0000E-09,-46.7010047287E-03
+620.5000E-09,-46.7010047287E-03
+621.0000E-09,-46.7010047287E-03
+621.5000E-09,-56.7512558773E-03
+622.0000E-09,-66.8015070260E-03
+622.5000E-09,-66.8015070260E-03
+623.0000E-09,-66.8015070260E-03
+623.5000E-09,-66.8015070260E-03
+624.0000E-09,-66.8015070260E-03
+624.5000E-09,-66.8015070260E-03
+625.0000E-09,-66.8015070260E-03
+625.5000E-09,-66.8015070260E-03
+626.0000E-09,-66.8015070260E-03
+626.5000E-09,-66.8015070260E-03
+627.0000E-09,-66.8015070260E-03
+627.5000E-09,-66.8015070260E-03
+628.0000E-09,-66.8015070260E-03
+628.5000E-09,-55.4949744837E-03
+629.0000E-09,-46.7010047287E-03
+629.5000E-09,-46.7010047287E-03
+630.0000E-09,-46.7010047287E-03
+630.5000E-09,-46.7010047287E-03
+631.0000E-09,-46.7010047287E-03
+631.5000E-09,-46.7010047287E-03
+632.0000E-09,-46.7010047287E-03
+632.5000E-09,-46.7010047287E-03
+633.0000E-09,-46.7010047287E-03
+633.5000E-09,-46.7010047287E-03
+634.0000E-09,-46.7010047287E-03
+634.5000E-09,-46.7010047287E-03
+635.0000E-09,-46.7010047287E-03
+635.5000E-09,-46.7010047287E-03
+636.0000E-09,-46.7010047287E-03
+636.5000E-09,-46.7010047287E-03
+637.0000E-09,-46.7010047287E-03
+637.5000E-09,-46.7010047287E-03
+638.0000E-09,-46.7010047287E-03
+638.5000E-09,-46.7010047287E-03
+639.0000E-09,-46.7010047287E-03
+639.5000E-09,-46.7010047287E-03
+640.0000E-09,-46.7010047287E-03
+640.5000E-09,-46.7010047287E-03
+641.0000E-09,-46.7010047287E-03
+641.5000E-09,-46.7010047287E-03
+642.0000E-09,-46.7010047287E-03
+642.5000E-09,-46.7010047287E-03
